final_rank,final_id,title,absorbs,gap_types,novelty,importance,theory,empirical,data,feasibility,identification,publication,sum_40,verdict,decisive_reason
1,F1,"Causal effect of mandated E&S disclosure (Circular 155 / Circular 96) on the cost of capital",G1+G14,methodological; empirical; data,4,5,3,5,4,4,4,5,34,KEEP,"0/9 quasi-experiments while 6/9 papers have an unused regulatory shock in-window; P6 shows pre-2016 CSR data exist for 225 firms"
2,F2,"Beyond-compliance signalling: are voluntary disclosure and substantive governance priced while compliance is not?",G6+G13+G7,theoretical; measurement,4,4,5,4,4,4,3,4,32,KEEP,"Signalling is the declared theory (P2) but no paper separates mandated from voluntary items; P8 scores governance only above the legal minimum; P9 shows compliance labels carry no information"
3,F3,"What exactly is priced: verifiable (hard) vs narrative (soft) disclosure, incremental to general transparency; heterogeneity in sensitive industries",G4+G7(feasible part)+new white space,measurement; contextual; contradiction,3,4,4,4,4,4,2,4,29,KEEP,"5/5 CSR papers use binary item counts, 0/5 measure quality, 0/5 control for general disclosure although P7 shows general disclosure lowers implied COE; P3 sign outlier unexplained"
4,F4,"Which channel carries the effect: liquidity/adverse selection vs investor base vs crash risk",G3,mechanism,3,4,4,4,4,4,2,4,29,KEEP (embed with F1 where possible),"1/9 papers tests any mechanism (P6, crash risk) and its arithmetic is inconsistent; the channels P7 theorises most explicitly are untested"
5,F5,"Creditor channel: does disclosure lower the price of interest-bearing debt in a bank-dominated market?",G5,empirical; measurement,4,4,3,4,3,4,2,3,27,KEEP (conditional),"1/9 papers studies COD (P2) with a proxy its authors concede is flawed; no Batch 2 evidence; incremental unless lender-side heterogeneity is obtainable"
—,G2,"Cost-of-equity construct validity / proxy sensitivity",—,measurement,3,4,3,4,3,4,3,3,27,MERGED INTO DESIGN STANDARD,"Most pervasive weakness (5/9 CAPM; 5/8 negative COE; beta does not explain implied COE in P7) but redundant as a standalone paper: every surviving gap must report CAPM and implied COE side by side"
—,G7,"Governance as credibility moderator (standalone)",—,theoretical,3,4,5,4,4,4,2,3,29,MERGED INTO F2,"Standalone novelty capped by Chen et al. (2004) as cited in P9 (p.146); survives as hypothesis H2c inside F2"
—,G13,"Governance compliance labels vs substance (standalone)",—,measurement,3,3,4,3,4,4,2,3,26,MERGED INTO F2,"Narrow alone; it is the governance half of the beyond-compliance theory"
—,G14,"Governance reforms as quasi-experiments (standalone)",—,methodological,3,4,3,4,3,3,4,4,28,MERGED INTO F1,"India-specific novelty low (Black & Khanna 2007 cited in P8); Vietnamese governance-reform dates unverified; kept as the governance arm of F1"
—,G9,"State ownership as moderator",—,heterogeneity; contradiction,2,3,3,3,5,5,2,2,25,REJECTED AS STANDALONE,"Already tested by P6 (Table 5); remaining question is direction (P6 abstract vs table); retained only as a pre-registered moderator in F1 and F3"
—,G8,"Time variation / market stress",—,temporal,3,3,3,3,4,4,2,3,25,REJECTED AS STANDALONE,"No mechanism for why the effect should shift beyond generic stress; year effects become a design requirement (only 2/9 papers have them)"
—,G15,"Cross-country institutional moderation",—,contextual,3,4,4,3,2,2,2,4,24,REJECTED,"Infeasible with comparable measures; prior cross-country work cited in P1 (p.62) and P9 (p.146)"
—,G10,"E/S/Ec dimension decomposition",—,heterogeneity,2,3,3,3,4,4,2,2,23,REJECTED,"Replication of P2 Table 6"
—,G11,"Non-linear (U-shaped) disclosure-cost relation",—,empirical,2,2,3,2,5,5,1,2,22,REJECTED,"Atheoretical curve-fitting; only cited (P2 p.1261)"
—,G12,"Board structure -> COE re-run",—,empirical,1,2,2,2,4,4,1,1,17,REJECTED,"P4 and P9 add no theory; governance re-enters via F2"
