relationship,paper,direction,preferred_model_result,source,note
Disclosure->COE,P1,Negative,GLS -6.012*** (FE not reported),"Table 8, PDF p.11 / p.69",Diagnostics contradict text (Table 7)
Disclosure->COE,P2,Negative,FE -0.138* ; GLS -0.070**,"Table 3, PDF p.11 / p.1266",Holds within firm
Disclosure->COE,P3,Positive (claimed),FE +4.79 p=0.452 (n.s.); OLS +10.98***; RE +10.23**,"Table 3, PDF p.6 / p.143",Sign not supported by Hausman-preferred FE
Disclosure->COE,P5,Negative,FE -45.17 t=-1.16 (n.s.); XTSCC t=-6.93***,"Tables 6-7, PDF p.8-9 / p.93-94",Significance from Driscoll-Kraay SE with T=4
Disclosure->COD,P2,Negative,GLS -0.029* ; FE -0.025*,"Table 4, PDF p.12 / p.1267",FE and RE columns identical
Disclosure->WACC,P2,Negative (GLS) / Insignificant (FE),GLS -0.033*** ; FE -0.038 n.s.,"Table 5, PDF p.13 / p.1268",
Env disclosure->COE,P2,Negative,GLS -0.090***,"Table 6, PDF p.15 / p.1270",
Env disclosure->COE,P5,Negative (fragile),see above,"Table 7, PDF p.9 / p.94",Environmental index only
Social disclosure->COE,P2,Insignificant,GLS -0.030,"Table 6, PDF p.15 / p.1270",
Social disclosure->COD,P2,Negative,GLS -0.009*,"Table 6, PDF p.15 / p.1270",
Economic disclosure->CoC,P2,Insignificant,all n.s.,"Table 6, PDF p.15 / p.1270",
State ownership->COE,P2,Negative,GLS GOV -0.014*,"Table 3, PDF p.11 / p.1266",Control variable
State ownership->COE,P5,Positive,XTSCC SOE +43.31***,"Table 7, PDF p.9 / p.94",Control variable
Foreign ownership->COE,P5,Positive,XTSCC FOR +116.84***,"Table 7, PDF p.9 / p.94",Control variable
Board size->COE,P3,Positive (OLS) / Insignificant (FE),OLS +0.56 p=0.058; FE n.s.,"Table 3, PDF p.6 / p.143",Control variable
Board size->COE,P4,Negative,FE-cluster -0.064 p=0.065,"Table 8, PDF p.9 / p.3093",
Board independence->COE,P4,Insignificant,+0.114 p=0.621,"Table 8, PDF p.9 / p.3093",
CEO duality->COE,P4,Uninterpretable,+0.215 p=0.077 (DUAL=1 means separate),"Table 8 + PDF p.2 / p.3086",Coding contradicts interpretation
Remuneration/nomination committee->COE,P4,Negative,-0.455 p=0.083,"Table 8, PDF p.9 / p.3093",
Big4 auditor->COE,P3,Negative (OLS/RE) / Insignificant (FE),OLS -1.50**; FE n.s.,"Table 3, PDF p.6 / p.143",Control variable
Leverage->COE,P1,Positive,GLS +0.795***,"Table 8, PDF p.11 / p.69",
Leverage->COE,P3,Negative,FE -1.217***,"Table 3, PDF p.6 / p.143",Contradicts levered-beta theory
Leverage->COE,P4,Positive,+1.126**,"Table 8, PDF p.9 / p.3093",
Leverage->COE,P5,Positive,XTSCC +562.17***,"Table 7, PDF p.9 / p.94",
ROA->COE,P4,Positive,+2.27***,"Table 8, PDF p.9 / p.3093",Theoretically anomalous
